{
  "YOLO11": {
    "Detection Rate": 0.9992492492492493,
    "Mean IoU": 0.8904758172053273,
    "Mean OKS": 0.8403557176801555,
    "PCK@0.05": 0.7241413160001485,
    "Mean L2 Error": 0.027193210678330037,
    "Mean Inference Time (ms)": 29.595347466292203,
    "FPS": 33.78909476021378
  },
  "MediaPipe": {
    "Detection Rate": 1.0,
    "Mean IoU": 0.6227279371324722,
    "Mean OKS": 0.9999995688684377,
    "PCK@0.05": 1.0,
    "Mean L2 Error": 9.346481344115626e-06,
    "Mean Inference Time (ms)": 19.300292532245916,
    "FPS": 51.81268617194545
  }
}