{
  "YOLOv8": {
    "Detection Rate": 0.9987487487487487,
    "Mean IoU": 0.8963805808473317,
    "Mean OKS": 0.8251201219697831,
    "PCK@0.05": 0.7072741057309277,
    "Mean L2 Error": 0.029892484265402496,
    "Mean Inference Time (ms)": 57.4953526526958,
    "FPS": 17.392710086336216
  },
  "YOLO11": {
    "Detection Rate": 0.9992492492492493,
    "Mean IoU": 0.8904758172053273,
    "Mean OKS": 0.8403557176801555,
    "PCK@0.05": 0.7241413160001485,
    "Mean L2 Error": 0.027193210678330037,
    "Mean Inference Time (ms)": 54.04253415875249,
    "FPS": 18.503943524603287
  },
  "MediaPipe": {
    "Detection Rate": 1.0,
    "Mean IoU": 0.6227279371324722,
    "Mean OKS": 0.9999995688684377,
    "PCK@0.05": 1.0,
    "Mean L2 Error": 9.346481344115626e-06,
    "Mean Inference Time (ms)": 20.46337732681641,
    "FPS": 48.867788734440296
  }
}