{
  "Detection Rate": 0.9409409409409409,
  "Mean IoU": 0.4281298318038539,
  "Mean OKS": 0.027741008422272475,
  "PCK@0.05": 0.004139348865569141,
  "Mean Distance Error": 0.40838490957327034,
  "Mean Inference Time (ms)": 48.87527003660574,
  "FPS": 20.46024501247845
}