{
  "vertical_up_min": 0.4597129478111399,
  "index_up_min": 0.49425952998099165,
  "others_down_max": 0.5503429841261366,
  "fist_all_max": 0.5310851892953425,
  "hysteresis": 0.05
}